{"cameraMode":{"drawMode":0,"name":"Shaded","section":"Shading Mode"},"sceneLighting":false,"audioPlay":false,"sceneViewState":{"m_AlwaysRefresh":false,"showFog":true,"showSkybox":false,"showFlares":true,"showImageEffects":true,"showParticleSystems":true,"showVisualEffectGraphs":true,"m_FxEnabled":true},"in2DMode":false,"pivot":{"x":0.5299999713897705,"y":3.5500001907348635,"z":-1.690000057220459},"rotation":{"x":0.13221721351146699,"y":-0.11421895027160645,"z":0.015338453464210034,"w":0.984501302242279},"size":1.303227424621582,"orthographic":false}