{"cameraMode":{"drawMode":0,"name":"Shaded","section":"Shading Mode"},"sceneLighting":false,"audioPlay":false,"sceneViewState":{"m_AlwaysRefresh":false,"showFog":true,"showSkybox":false,"showFlares":true,"showImageEffects":true,"showParticleSystems":true,"showVisualEffectGraphs":true,"m_FxEnabled":true},"in2DMode":false,"pivot":{"x":0.513707160949707,"y":2.7150750160217287,"z":-2.4149179458618166},"rotation":{"x":0.13221721351146699,"y":-0.11421895027160645,"z":0.015338453464210034,"w":0.984501302242279},"size":0.8660253882408142,"orthographic":false}